<?xml version="1.0" encoding="UTF-8"?>
<contexts>
  <context id="defaultLibraryId" title="The Digital Library">
    <description>This is the library editor.  It was created using the Generating an EMF Model tutorial.  It has been modified slightly to enable context sensitive help.  Like this!!</description>
  </context>
  <context id="libraryBookId" title="Library Book">
    <description>This is the library book.  The Book object is an interesting beast.</description>
    <topic href="../library.doc/topics/BookCheckOut.html" label="Checking out a Library Book"/>
		
  </context>
 
</contexts>