<?xml version="1.0" encoding="utf-8" ?>
<introContent>
    
<page style="css/welcome/welcome.css" alt-style="css/welcome/swt.properties" id="overview" >
      <group id="page-topbar" >
            <img id="logo" style-id="topbar2" src="./css/graphics/contentpage/banner_logo.jpg"/>
      </group>
  	  <group id="page-content">
      <text style-id="page-title" id="page-title"> WELCOME</text>
            <text style-id="page-description" id="page-description">Welcome! This is the first welcome page for my product.</text>
            <group label="Sample Link Actions" id="simple-links" style-id="welcome-group">
                
                <link label="Run Action Sample" url="http://org.eclipse.ui.intro/runAction?pluginId=com.sample.application&amp;class=com.sample.application.view.ShowViewAction" id="runAction" style-id="welcome-link">
                    <text>This is a sample link to run action.</text>
                </link>
 
				<link label="Show External Link Sample" url ="http://org.eclipse.ui.intro/openBrowser?url=http://news.sina.com.cn" id="openBrowser" style-id="welcome-link">
                    <text>This is a sample to open a link in an new opened web brower.</text>
                </link>
                
                <link label="Show Internal Link Sample" url ="http://org.eclipse.ui.intro/openURL?url=./intro/css/welcome/about.html&amp;pluginId=com.sample.application.intro" id="openURL" style-id="welcome-link">
                    <text>This is a sample to goto another internal link.</text>
                </link>
                
                <html label="Show Internal Link Sample" src ="./css/welcome/bottom.html" id="htmlpage" style-id="welcome-anotherlink">
                    <text>This is a sample to goto another internal link.</text>
                </html> 
                </group>
        </group>
    </page>
    
    
    <page style="css/standby_root.css" alt-style="css/standby_swt.properties" id="standby" >
        <title style-id="intro-header">Standby Intro</title>
        <group id="links-background">
            <group id="page-links">
                  <link label="Run Action Sample" url="http://org.eclipse.ui.intro/runAction?pluginId=com.sample.application&amp;class=com.sample.application.view.ShowViewAction" id="runAction" style-id="welcome-link">
                    <text>This is a sample link to run action.</text>
                </link>
 
				<link label="Show External Link Sample" url ="http://org.eclipse.ui.intro/openBrowser?url=http://news.sina.com.cn" id="openBrowser" style-id="welcome-link">
                    <text>This is a sample to open a link in an new opened web brower.</text>
                </link>
                
                <link label="Show Internal Link Sample" url ="http://org.eclipse.ui.intro/openURL?url=./intro/css/welcome/about.html&amp;pluginId=com.sample.application.intro" id="openURL" style-id="welcome-link">
                    <text>This is a sample to goto another internal link.</text>
                </link>
         </group>
        </group>
    </page>
 
</introContent>
