<?xml version="1.0" encoding="utf-8"?>
<!DOCTYPE article PUBLIC "-//OASIS//DTD DocBook XML V4.4//EN"
          "http://www.oasis-open.org/docbook/xml/4.4/docbookx.dtd">
<article id="article">
	<articleinfo>
		<publisher><publishername>Eclipse</publishername></publisher>
		<title>Creating a New Article</title>
		<date>December 14, 2005</date>
		<authorgroup>
			<author>
				<firstname>Firstname</firstname>
				<surname>Surname</surname>
				<affiliation>
					<orgname>Your Company</orgname>
				</affiliation>
			</author>
		</authorgroup>
		<copyright>
			<year>2005</year>
			<holder>International Business Machines Corp.</holder>
		</copyright>
		<abstract>
			<para>
				The article summary should provide a teaser to the content of your article. 
  				The summary is also shown on the main articles page. The remainder of this article 
  				contains some useful tips. 
			</para>
		</abstract>
	</articleinfo>
	<section>
		<title>How to present code</title>
		<para>
			When including code snipets use preformatted style as below. In general try 
  			to avoid using specific fonts. For your convenience the <emphasis>images</emphasis>/ subdirectory 
  			of this template also contains handy images. These images include: 
  			<inlinemediaobject>
				<imageobject role="html">
					<imagedata width="24" depth="13" fileref="images/tag_1.gif"/>
				</imageobject>
				<imageobject role="fo">
					<imagedata width="0.25in" fileref="images/tag_1.gif"/>
				</imageobject>
			</inlinemediaobject>
			<inlinemediaobject>
				<imageobject role="html">
					<imagedata width="24" depth="13" fileref="images/tag_2.gif" />
				</imageobject>
				<imageobject role="fo">
					<imagedata width="0.25in" fileref="images/tag_2.gif" />
				</imageobject>
			</inlinemediaobject>
			<inlinemediaobject>
				<imageobject role="html">
					<imagedata width="24" depth="13" fileref="images/tag_3.gif" />
				</imageobject>
				<imageobject role="fo">
					<imagedata width="0.25in" fileref="images/tag_3.gif" />
				</imageobject>
			</inlinemediaobject>
			<inlinemediaobject>
				<imageobject role="html">
					<imagedata width="24" depth="13" fileref="images/tag_4.gif" />
				</imageobject>
				<imageobject role="fo">
					<imagedata width="0.25in" fileref="images/tag_4.gif" />
				</imageobject>
			</inlinemediaobject>
			<inlinemediaobject>
				<imageobject role="html">
					<imagedata width="24" depth="13" fileref="images/tag_5.gif" />
				</imageobject>
				<imageobject role="fo">
					<imagedata width="0.25in" fileref="images/tag_5.gif" />
				</imageobject>
			</inlinemediaobject>
			<inlinemediaobject>
				<imageobject role="html">
					<imagedata width="24" depth="13" fileref="images/tag_6.gif" />
				</imageobject>
				<imageobject role="fo">
					<imagedata width="0.25in" fileref="images/tag_6.gif" />
				</imageobject>
			</inlinemediaobject>
			<inlinemediaobject>
				<imageobject role="html">
					<imagedata width="24" depth="13" fileref="images/tag_7.gif" />
				</imageobject>
				<imageobject role="fo">
					<imagedata width="0.25in" fileref="images/tag_7.gif" />
				</imageobject>
			</inlinemediaobject>
  			.
		</para>
		<section>
			<title>Example Usage:</title>
			<para>
			
				The 
				<inlinemediaobject>
					<imageobject role="html">
						<imagedata width="24" depth="13" fileref="images/tag_1.gif" />
					</imageobject>
					<imageobject role="fo">
						<imagedata width="0.25" fileref="images/tag_1.gif" />
					</imageobject>
				</inlinemediaobject>
				parent argument is clearly a Composite. Notice the tag precedes the relevant piece of text.
		
			<programlisting>
<lineannotation><inlinemediaobject><imageobject role="html"><imagedata width="24" depth="13" fileref="images/tag_1.gif" /></imageobject><imageobject role="fo"><imagedata width="0.25in" fileref="images/tag_1.gif" /></imageobject></inlinemediaobject></lineannotation>    public void createPartControl(Composite parent) {
               label = new Label(parent, 0);
               label.setText("Hello World");
<lineannotation><inlinemediaobject><imageobject role="html"><imagedata width="24" depth="13" fileref="images/tag_2.gif" /></imageobject><imageobject role="fo"><imagedata width="0.25in" fileref="images/tag_2.gif" /></imageobject></inlinemediaobject></lineannotation>            getViewSite().getPage().addSelectionListener(this);
       }</programlisting>
			</para>
		</section>
	</section>
	<section>
		<title>Other useful text samples</title>
		<para>
			The <emphasis>images/</emphasis> subdirectory of this template also contains several images 
  			you may want to use. Below are the images and a simple example of their use.
  		</para>
  		<para>
			1) An image to indicate a tip for the user.
			<tip>Always put your snowman in the freezer before summer.</tip>
			<!-- 
			<blockquote>
				<inlinemediaobject>
					<imageobject role="html">
						<imagedata width="62" depth="13" fileref="images/tip.gif" />
					</imageobject>
					<imageobject role="fo">
						<imagedata width="0.645in" fileref="images/tip.gif" />
					</imageobject>
				</inlinemediaobject>
  				Always put your snowman in the freezer before summer.
			</blockquote>
			-->
		</para>
		<para>
			2) An image to indicate a point in the article where the user may want to run 
  			a quick test to see their progress.
			<blockquote>
				<inlinemediaobject>
					<imageobject role="html">
						<imagedata width="61" depth="13" fileref="images/tryit.gif" />
					</imageobject>
					<imageobject role="fo">
						<imagedata contentwidth="36pt" fileref="images/tryit.gif" />
					</imageobject>
				</inlinemediaobject>
  				Choose Instant Article from the pop-up menu and confirm our article creation wizard opens.
			</blockquote>
		</para>
		<para>
			3) Images to indicate platform specific behavior.
			<blockquote>
				<inlinemediaobject>
					<imageobject role="html">
						<imagedata width="49" depth="13" fileref="images/win_only.gif" />
					</imageobject>
					<imageobject role="fo">
						<imagedata width="0.51in" fileref="images/win_only.gif" />
					</imageobject>
				</inlinemediaobject>
  				On Windows the splash screen is represented using BMP files.
			</blockquote>
			<blockquote>
				<inlinemediaobject>
					<imageobject role="html">
						<imagedata width="49" depth="13" fileref="images/linux_only.gif" />
					</imageobject>
					<imageobject role="fo">
						<imagedata width="0.51in" fileref="images/linux_only.gif" />
					</imageobject>
				</inlinemediaobject>
  				On Linux the splash screen is represented using XPM files.
			</blockquote>
		</para>
		<para>
			4) An image to indicate something of note for the reader.
			<note>The samples in this article were developed and tested with Eclipse 3.1.</note>
			<!--
			<blockquote>
				<inlinemediaobject>
					<imageobject role="html">
						<imagedata width="62" depth="13" fileref="images/note.gif" />
					</imageobject>
					<imageobject role="fo">
						<imagedata width="0.645in" fileref="images/note.gif" />
					</imageobject>
				</inlinemediaobject>
  				The samples in this article were developed and tested with Eclipse 3.1.
			</blockquote>
			-->
		</para>
	</section>
	<section>
		<title>Source Code</title>
		<para>
			Always include a link to your zip file containing the source code. You may 
  			want to include a section titled <emphasis role="strong">Source Code</emphasis> (as we have done here) with 
  			the text shown below. Remember to ensure the zip file does <emphasis role="strong">not</emphasis> include 
  			eclipse/plugins in the path of files; it should only include only your plug-in 
  			directory name. Users will assume they can unzip the plug-in directly into their 
  			<emphasis>plugins</emphasis> directory. Here is some sample text:
		</para>
		<para>
			To run the example or view the source code for this article unzip <ulink url="your_filename.zip">your_filename.zip</ulink>
  			into your <emphasis>plugins/</emphasis> subdirectory.
		</para>
	</section>
	<section>
		<title>Did you remember?</title>
		<para>
			<itemizedlist>
				<listitem>&lt;title&gt;....&lt;/title&gt; of the article - this is typically shown 
   				in the tile of a web browser</listitem>
  				<listitem>author &amp; company name</listitem>
  				<listitem>date</listitem>
  				<listitem>copyright text in the top right corner</listitem>
			</itemizedlist>
			Did you remember to avoid using specific fonts - try to only use the main 
  			styles (performatted, italic, H1, H2 etc.).
		</para>
	</section>
</article>